seed,p,eta
1376057516,0.001,0.5
1504653401,0.001,0.5
1330446225,0.001,0.5
271976246,0.001,0.5
1003128606,0.001,0.5
910343716,0.001,0.5
499057933,0.001,0.5
28171442,0.001,0.5
1152433294,0.001,0.5
331157621,0.001,0.5
393200155,0.001,1.0
657841357,0.001,1.0
1264352597,0.001,1.0
2082673902,0.001,1.0
1488897296,0.001,1.0
254174484,0.001,1.0
1281964566,0.001,1.0
162691659,0.001,1.0
1091156096,0.001,1.0
2083064950,0.001,1.0
1897946589,0.001,2.0
1274327728,0.001,2.0
1749472286,0.001,2.0
2013811910,0.001,2.0
605345656,0.001,2.0
1461741443,0.001,2.0
1976340249,0.001,2.0
2089912909,0.001,2.0
149533002,0.001,2.0
1193072980,0.001,2.0
183128919,0.001,5.0
1493806939,0.001,5.0
1409726221,0.001,5.0
791700852,0.001,5.0
1206031941,0.001,5.0
171809005,0.001,5.0
2042242877,0.001,5.0
1298368396,0.001,5.0
1004073944,0.001,5.0
2004804888,0.001,5.0
1268568006,0.001,10.0
1464838254,0.001,10.0
1025961972,0.001,10.0
1354600919,0.001,10.0
1175543958,0.001,10.0
1175660027,0.001,10.0
76750692,0.001,10.0
330743559,0.001,10.0
2086748676,0.001,10.0
651582608,0.001,10.0
368444588,0.001,20.0
1170500865,0.001,20.0
654779721,0.001,20.0
935649193,0.001,20.0
765847686,0.001,20.0
1020591990,0.001,20.0
1358633449,0.001,20.0
222554619,0.001,20.0
1068615050,0.001,20.0
787367529,0.001,20.0
106110980,0.001,50.0
964369121,0.001,50.0
630183989,0.001,50.0
855955819,0.001,50.0
233047931,0.001,50.0
446984856,0.001,50.0
430834710,0.001,50.0
47467572,0.001,50.0
1059556479,0.001,50.0
1391085005,0.001,50.0
2029494087,0.001,100.0
479218158,0.001,100.0
1677654311,0.001,100.0
583902727,0.001,100.0
247068398,0.001,100.0
1469235896,0.001,100.0
1396236688,0.001,100.0
1064049216,0.001,100.0
2100217064,0.001,100.0
964194779,0.001,100.0
323202,0.001,200.0
755355419,0.001,200.0
451159158,0.001,200.0
37332068,0.001,200.0
357637617,0.001,200.0
1682913847,0.001,200.0
1162360407,0.001,200.0
1019201399,0.001,200.0
761543847,0.001,200.0
392087626,0.001,200.0
492454229,0.001,500.0
639458207,0.001,500.0
882209605,0.001,500.0
1439853981,0.001,500.0
623750652,0.001,500.0
211047448,0.001,500.0
425929154,0.001,500.0
1666562255,0.001,500.0
1451782043,0.001,500.0
155814586,0.001,500.0
765717994,0.001,1000.0
486269730,0.001,1000.0
1673899328,0.001,1000.0
202295123,0.001,1000.0
1172750394,0.001,1000.0
535079000,0.001,1000.0
1677582024,0.001,1000.0
1692938868,0.001,1000.0
2099884291,0.001,1000.0
2116628499,0.001,1000.0
1201369019,0.001,2000.0
1194666186,0.001,2000.0
1223151118,0.001,2000.0
1613575868,0.001,2000.0
1025685030,0.001,2000.0
132396118,0.001,2000.0
1962990615,0.001,2000.0
263420858,0.001,2000.0
156887383,0.001,2000.0
915257018,0.001,2000.0
73226764,0.001,5000.0
271323637,0.001,5000.0
1149266798,0.001,5000.0
1399909418,0.001,5000.0
1878819842,0.001,5000.0
1532916395,0.001,5000.0
763104525,0.001,5000.0
540659989,0.001,5000.0
1462962773,0.001,5000.0
1167934355,0.001,5000.0
248092387,0.001,10000.0
1501130582,0.001,10000.0
550117777,0.001,10000.0
727173182,0.001,10000.0
236815393,0.001,10000.0
1618381097,0.001,10000.0
1124182236,0.001,10000.0
1849435340,0.001,10000.0
635585472,0.001,10000.0
2011120225,0.001,10000.0
1009784546,0.001,20000.0
673765236,0.001,20000.0
1345929476,0.001,20000.0
560726676,0.001,20000.0
318267968,0.001,20000.0
617891112,0.001,20000.0
63859495,0.001,20000.0
715611236,0.001,20000.0
105130920,0.001,20000.0
39994117,0.001,20000.0
154092683,0.001,50000.0
2030034811,0.001,50000.0
1043644374,0.001,50000.0
2141230193,0.001,50000.0
966238555,0.001,50000.0
1369558914,0.001,50000.0
213631317,0.001,50000.0
1859481342,0.001,50000.0
1952018300,0.001,50000.0
1796244736,0.001,50000.0
540892207,0.001,100000.0
1183599859,0.001,100000.0
255624977,0.001,100000.0
27461068,0.001,100000.0
1189609793,0.001,100000.0
1981520964,0.001,100000.0
68902317,0.001,100000.0
1707225929,0.001,100000.0
940018205,0.001,100000.0
409722173,0.001,100000.0
787058825,0.001,200000.0
1385193039,0.001,200000.0
1244379751,0.001,200000.0
2085322752,0.001,200000.0
182415527,0.001,200000.0
753193563,0.001,200000.0
899860109,0.001,200000.0
1523124447,0.001,200000.0
1585231750,0.001,200000.0
1311572616,0.001,200000.0
429735588,0.001,500000.0
2029630082,0.001,500000.0
1136784919,0.001,500000.0
1217373899,0.001,500000.0
780859064,0.001,500000.0
577872593,0.001,500000.0
1031560765,0.001,500000.0
1467888231,0.001,500000.0
991910603,0.001,500000.0
1167882056,0.001,500000.0
1436158716,0.001,1000000.0
369337043,0.001,1000000.0
596460648,0.001,1000000.0
1969834115,0.001,1000000.0
421047048,0.001,1000000.0
266861384,0.001,1000000.0
1800752191,0.001,1000000.0
726581783,0.001,1000000.0
1842027163,0.001,1000000.0
1644995313,0.001,1000000.0
