seed,N,Ni,M,P,i,w,S
1757177788,10,10,0.04777777777777778,0.05,1.5,500,10000000000
193394327,10,10,0.04777777777777778,0.05,1.5,500,10000000000
2126513755,10,10,0.04777777777777778,0.05,1.5,500,10000000000
1232662275,10,10,0.04777777777777778,0.05,1.5,500,10000000000
2054423954,10,10,0.04777777777777778,0.05,1.5,500,10000000000
854057336,10,10,0.04777777777777778,0.05,1.5,500,10000000000
443554523,10,10,0.04777777777777778,0.05,1.5,500,10000000000
1133353781,10,10,0.04777777777777778,0.05,1.5,500,10000000000
298884304,10,10,0.04777777777777778,0.05,1.5,500,10000000000
1977121719,10,10,0.04777777777777778,0.05,1.5,500,10000000000
1039574630,10,10,0.04777777777777778,0.05,1.5,500,10000000000
2122834421,10,10,0.04777777777777778,0.05,1.5,500,10000000000
1614166154,10,10,0.04777777777777778,0.05,1.5,500,10000000000
13935860,10,10,0.04777777777777778,0.05,1.5,500,10000000000
1689095557,10,10,0.04777777777777778,0.05,1.5,500,10000000000
338668303,10,10,0.04777777777777778,0.05,1.5,500,10000000000
1185717862,10,10,0.04777777777777778,0.05,1.5,500,10000000000
813458656,10,10,0.04777777777777778,0.05,1.5,500,10000000000
131852152,10,10,0.04777777777777778,0.05,1.5,500,10000000000
1010076542,10,10,0.04777777777777778,0.05,1.5,500,10000000000
107922080,10,10,0.04777777777777778,0.05,1.5,500,10000000000
595178793,10,10,0.04777777777777778,0.05,1.5,500,10000000000
29544006,10,10,0.04777777777777778,0.05,1.5,500,10000000000
1976090442,10,10,0.04777777777777778,0.05,1.5,500,10000000000
1781801320,10,10,0.04777777777777778,0.05,1.5,500,10000000000
