seed,clifford_deformation,alpha,beta,x-err,y-err,z-err,no-err,shots,method,QECC,n,k,d,noise-model,p,eta,source_file
798040812,033333333003030300030303030003030300030303030003030300030303030003030300333333330,5803,999994199,2899,0,2903,999994198,1000000000,pymatching,SurfaceCode,81,1,9,MHBD_noise,0.001,500.0,results/brute_force/ext_SC9_MHBD/results/sweep_20.csv
1568748907,030303030303030303030303030303030303030303030303030303030303030303030303030303030,6627,999993375,3291,1,3334,999993374,1000000000,pymatching,SurfaceCode,81,1,9,MHBD_noise,0.001,500.0,results/brute_force/ext_SC9_MHBD/results/sweep_2.csv
1163294285,000000000000000000000000000000000000000000000000000000000000000000000000000000000,15684,999984318,1219,1,14463,999984317,1000000000,pymatching,SurfaceCode,81,1,9,MHBD_noise,0.001,500.0,results/brute_force/ext_SC9_MHBD/results/sweep_27.csv
178088308,033033033000000000330330330033033033000000000330330330033033033000000000330330330,8174,999991828,3659,0,4514,999991827,1000000000,pymatching,SurfaceCode,81,1,9,MHBD_noise,0.001,500.0,results/brute_force/ext_SC9_MHBD/results/sweep_5.csv
1269317208,033033033000000000330330330033033033000000000330330330033033033000000000330330330,8013,999991989,3462,3,4547,999991988,1000000000,pymatching,SurfaceCode,81,1,9,MHBD_noise,0.001,500.0,results/brute_force/ext_SC9_MHBD/results/sweep_29.csv
1931747470,033333333003030300030303030003030300030303030003030300030303030003030300333333330,5981,999994021,2980,0,3000,999994020,1000000000,pymatching,SurfaceCode,81,1,9,MHBD_noise,0.001,500.0,results/brute_force/ext_SC9_MHBD/results/sweep_12.csv
703602581,000000000000000000000000000000000000000000000000000000000000000000000000000000000,15686,999984316,1249,1,14435,999984315,1000000000,pymatching,SurfaceCode,81,1,9,MHBD_noise,0.001,500.0,results/brute_force/ext_SC9_MHBD/results/sweep_15.csv
1481446068,030303030303030303030303030303030303030303030303030303030303030303030303030303030,6604,999993398,3271,0,3332,999993397,1000000000,pymatching,SurfaceCode,81,1,9,MHBD_noise,0.001,500.0,results/brute_force/ext_SC9_MHBD/results/sweep_38.csv
1477034240,033333333003030300030303030003030300030303030003030300030303030003030300333333330,5871,999994131,2887,0,2983,999994130,1000000000,pymatching,SurfaceCode,81,1,9,MHBD_noise,0.001,500.0,results/brute_force/ext_SC9_MHBD/results/sweep_36.csv
895410450,000000000000000000000000000000000000000000000000000000000000000000000000000000000,15575,999984427,1183,1,14390,999984426,1000000000,pymatching,SurfaceCode,81,1,9,MHBD_noise,0.001,500.0,results/brute_force/ext_SC9_MHBD/results/sweep_31.csv
775311907,030303030303030303030303030303030303030303030303030303030303030303030303030303030,6441,999993561,3132,1,3307,999993560,1000000000,pymatching,SurfaceCode,81,1,9,MHBD_noise,0.001,500.0,results/brute_force/ext_SC9_MHBD/results/sweep_14.csv
31499491,033033033000000000330330330033033033000000000330330330033033033000000000330330330,8128,999991874,3529,2,4596,999991873,1000000000,pymatching,SurfaceCode,81,1,9,MHBD_noise,0.001,500.0,results/brute_force/ext_SC9_MHBD/results/sweep_13.csv
264343234,033333333003030300030303030003030300030303030003030300030303030003030300333333330,5857,999994145,2912,0,2944,999994144,1000000000,pymatching,SurfaceCode,81,1,9,MHBD_noise,0.001,500.0,results/brute_force/ext_SC9_MHBD/results/sweep_28.csv
114989493,030303030303030303030303030303030303030303030303030303030303030303030303030303030,6548,999993454,3281,1,3265,999993453,1000000000,pymatching,SurfaceCode,81,1,9,MHBD_noise,0.001,500.0,results/brute_force/ext_SC9_MHBD/results/sweep_26.csv
2065821976,033333333003030300030303030003030300030303030003030300030303030003030300333333330,5772,999994230,2921,0,2850,999994229,1000000000,pymatching,SurfaceCode,81,1,9,MHBD_noise,0.001,500.0,results/brute_force/ext_SC9_MHBD/results/sweep_4.csv
1193562092,033033033000000000330330330033033033000000000330330330033033033000000000330330330,8025,999991977,3491,0,4533,999991976,1000000000,pymatching,SurfaceCode,81,1,9,MHBD_noise,0.001,500.0,results/brute_force/ext_SC9_MHBD/results/sweep_21.csv
1639099004,000000000000000000000000000000000000000000000000000000000000000000000000000000000,15481,999984521,1194,1,14285,999984520,1000000000,pymatching,SurfaceCode,81,1,9,MHBD_noise,0.001,500.0,results/brute_force/ext_SC9_MHBD/results/sweep_3.csv
1771903655,030303030303030303030303030303030303030303030303030303030303030303030303030303030,6496,999993506,3220,1,3274,999993505,1000000000,pymatching,SurfaceCode,81,1,9,MHBD_noise,0.001,500.0,results/brute_force/ext_SC9_MHBD/results/sweep_30.csv
1410102020,033033033000000000330330330033033033000000000330330330033033033000000000330330330,8140,999991862,3520,1,4618,999991861,1000000000,pymatching,SurfaceCode,81,1,9,MHBD_noise,0.001,500.0,results/brute_force/ext_SC9_MHBD/results/sweep_37.csv
953762266,000000000000000000000000000000000000000000000000000000000000000000000000000000000,15399,999984603,1238,1,14159,999984602,1000000000,pymatching,SurfaceCode,81,1,9,MHBD_noise,0.001,500.0,results/brute_force/ext_SC9_MHBD/results/sweep_39.csv
2083081325,030303030303030303030303030303030303030303030303030303030303030303030303030303030,6622,999993380,3276,0,3345,999993379,1000000000,pymatching,SurfaceCode,81,1,9,MHBD_noise,0.001,500.0,results/brute_force/ext_SC9_MHBD/results/sweep_34.csv
963527453,033033033000000000330330330033033033000000000330330330033033033000000000330330330,8064,999991938,3555,2,4506,999991937,1000000000,pymatching,SurfaceCode,81,1,9,MHBD_noise,0.001,500.0,results/brute_force/ext_SC9_MHBD/results/sweep_33.csv
1996330631,030303030303030303030303030303030303030303030303030303030303030303030303030303030,6647,999993355,3267,3,3376,999993354,1000000000,pymatching,SurfaceCode,81,1,9,MHBD_noise,0.001,500.0,results/brute_force/ext_SC9_MHBD/results/sweep_10.csv
1881297941,033033033000000000330330330033033033000000000330330330033033033000000000330330330,7980,999992022,3466,0,4513,999992021,1000000000,pymatching,SurfaceCode,81,1,9,MHBD_noise,0.001,500.0,results/brute_force/ext_SC9_MHBD/results/sweep_17.csv
633025168,000000000000000000000000000000000000000000000000000000000000000000000000000000000,15374,999984628,1157,0,14216,999984627,1000000000,pymatching,SurfaceCode,81,1,9,MHBD_noise,0.001,500.0,results/brute_force/ext_SC9_MHBD/results/sweep_19.csv
197661562,033033033000000000330330330033033033000000000330330330033033033000000000330330330,7961,999992041,3486,0,4474,999992040,1000000000,pymatching,SurfaceCode,81,1,9,MHBD_noise,0.001,500.0,results/brute_force/ext_SC9_MHBD/results/sweep_9.csv
438649365,030303030303030303030303030303030303030303030303030303030303030303030303030303030,6624,999993378,3301,2,3320,999993377,1000000000,pymatching,SurfaceCode,81,1,9,MHBD_noise,0.001,500.0,results/brute_force/ext_SC9_MHBD/results/sweep_22.csv
617766606,033033033000000000330330330033033033000000000330330330033033033000000000330330330,8116,999991886,3530,0,4585,999991885,1000000000,pymatching,SurfaceCode,81,1,9,MHBD_noise,0.001,500.0,results/brute_force/ext_SC9_MHBD/results/sweep_25.csv
1365401286,000000000000000000000000000000000000000000000000000000000000000000000000000000000,15427,999984575,1161,1,14264,999984574,1000000000,pymatching,SurfaceCode,81,1,9,MHBD_noise,0.001,500.0,results/brute_force/ext_SC9_MHBD/results/sweep_7.csv
1426529831,033333333003030300030303030003030300030303030003030300030303030003030300333333330,5917,999994085,2948,1,2967,999994084,1000000000,pymatching,SurfaceCode,81,1,9,MHBD_noise,0.001,500.0,results/brute_force/ext_SC9_MHBD/results/sweep_40.csv
1862600865,033333333003030300030303030003030300030303030003030300030303030003030300333333330,6014,999993988,2992,0,3021,999993987,1000000000,pymatching,SurfaceCode,81,1,9,MHBD_noise,0.001,500.0,results/brute_force/ext_SC9_MHBD/results/sweep_32.csv
1600008860,000000000000000000000000000000000000000000000000000000000000000000000000000000000,15403,999984599,1192,0,14210,999984598,1000000000,pymatching,SurfaceCode,81,1,9,MHBD_noise,0.001,500.0,results/brute_force/ext_SC9_MHBD/results/sweep_35.csv
1721084377,033333333003030300030303030003030300030303030003030300030303030003030300333333330,5884,999994118,2917,0,2966,999994117,1000000000,pymatching,SurfaceCode,81,1,9,MHBD_noise,0.001,500.0,results/brute_force/ext_SC9_MHBD/results/sweep_24.csv
1208481818,030303030303030303030303030303030303030303030303030303030303030303030303030303030,6625,999993377,3299,3,3322,999993376,1000000000,pymatching,SurfaceCode,81,1,9,MHBD_noise,0.001,500.0,results/brute_force/ext_SC9_MHBD/results/sweep_6.csv
1779906290,000000000000000000000000000000000000000000000000000000000000000000000000000000000,15646,999984356,1171,1,14473,999984355,1000000000,pymatching,SurfaceCode,81,1,9,MHBD_noise,0.001,500.0,results/brute_force/ext_SC9_MHBD/results/sweep_23.csv
671381355,033033033000000000330330330033033033000000000330330330033033033000000000330330330,8072,999991930,3510,0,4561,999991929,1000000000,pymatching,SurfaceCode,81,1,9,MHBD_noise,0.001,500.0,results/brute_force/ext_SC9_MHBD/results/sweep_1.csv
1112246983,033333333003030300030303030003030300030303030003030300030303030003030300333333330,6038,999993964,2931,0,3106,999993963,1000000000,pymatching,SurfaceCode,81,1,9,MHBD_noise,0.001,500.0,results/brute_force/ext_SC9_MHBD/results/sweep_8.csv
1607312644,030303030303030303030303030303030303030303030303030303030303030303030303030303030,6656,999993346,3363,0,3292,999993345,1000000000,pymatching,SurfaceCode,81,1,9,MHBD_noise,0.001,500.0,results/brute_force/ext_SC9_MHBD/results/sweep_18.csv
1133135117,033333333003030300030303030003030300030303030003030300030303030003030300333333330,5902,999994100,2906,2,2993,999994099,1000000000,pymatching,SurfaceCode,81,1,9,MHBD_noise,0.001,500.0,results/brute_force/ext_SC9_MHBD/results/sweep_16.csv
277447077,000000000000000000000000000000000000000000000000000000000000000000000000000000000,15525,999984477,1184,0,14340,999984476,1000000000,pymatching,SurfaceCode,81,1,9,MHBD_noise,0.001,500.0,results/brute_force/ext_SC9_MHBD/results/sweep_11.csv
