seed,cds
440683007,3332333232220333020302030 3332333232220303020302030 3332333230220303020302030 3332333202220303020302030 2332333200020303020302030 2332333202020303020302030 2333033002020303030302030 0333033302020303030302030 0333333302020303030302030 0333033303020303030302032
442882313,0332033303030303030300033 0302033303030303030300033 0333033303030303030300033 0302030303030303030300033 0303030303030303030303032 0303030303030303030203030 0303030303030303030303030 3230300000330033330300220 3230300000330033330303220 3200300030030033330303220
1819031405,3203300000330033330303220 3200300300330033330303220 3203300300320303330303020 0203300300030303330303020 0203330300030303330303020 0203330300030303330303030 0000330303030303330303030 0302330303030303330303030 0303330303030303330303030 0003030303030303030303000
80201024,3303030303030303030303030 0003032302020220030303330 0003030302020220030303333 0003030333030220030303333 0003030333000020030303033 0303030333000020030303033 0203030333030020030303032 0303030333030330030303020 0303030303030330030303020 0303030303030300030303020
1085427501,0303030303030303030303020 3203002202232202330303023 2303322233032302330032030 2303322233032303330032030 2303322233032303030032030 3303322233032303030032030 0303322233032303030032030 0303322233032303030032000 0303322233032303030332000 0303322233033303030332002
1335159762,0302022333030333030330000 0303332333030303030330002 0302330333030303030330002 0302330333030303030330000 0002330333030303030330000 0303330303030303030300000 0303030303030303030300020 2303233303030332322223033 2303233303030333322233033 2303233303230332022223030
1729546118,2303233303030332022223030 2303033303030332003223030 2303033303030332003023030 2303033303030332033023030 3203033303030332033333030 3003033303030332033333030 3203033303030333033303030 3203030303030333033003030 0303030303030333033303030 0303030303030303032303030
17856720,3322300322020333033332303 3322300322020303033330303 3022300332020303033330303 3322300322020303033333303 3320330302020303033333303 3320330302020303033333333 3200230303030303033333033 3202230303030303033333033 3200230303030303033302030 3300230303030303033302030
1592889809,3200230303030303030302030 3200230303030303030303030 3300230303030303030303030 3303230303030303030303030 0000002303022023330023323 0000302303020020330023323 0000302303030023330023333 0000302303030023030023333 0000002303030033030023230 0000003303030333030023230
899429361,3000003303030333030003230 3000003303030333030003030 3300033303030333030203030 0300230303030333030203030 0300030303030333030203030 0303030302030303030303030 0303230303030303030303030 0232320300300003023323000 0232320300330003003320000 0232320300330003023323000
2051505326,3002320300030003003320000 0002320300330003003320000 0002300300030003003330000 0002300300330003000330000 0002020300030003030330000 0000020300030203030300000 0000030300030203030300000 0323030300030203030300000 3303030302030303030300000 3303030303030303030200030
1766171395,3303030303030323030000030 0303030303030303030200030 0303030303030303030003032 0303030303030303030303033 0303030303030303030303000 3200200300320232000330002 3200200300320232000330003 3300220303320232000300302 3300220303020232000300302 3300220303300232030300302
900484274,0003220303300202030300002 0203020303330200030300002 0203020303330202030300032 0203020303330302030300032 0303030303230302030300022 0303000303030302030300022 0303000303030303030303032 0302033303020302332302003 0302033303020302332302000 0302033303020300032302000
1959033726,0302033303000300032302000 0302033333030300032303000 0300023303030300032302000 0302033303030300032302000 0303030303030300032302000 0303030303030300032303000 0303030303030303032303000 0303030303030303033303000 2202002332232303020000020 2202002332232303020000022
2065100987,2202003332232303020000022 2203002330232303020000022 2003002330232303020000022 2003002330232303020000000 0003002333232303020002000 0303000333032303030002000 0303000333030303030002030 0303000323030303030303030 0303020303030303030302030 2320033303230223200320030
81185572,2300233303230223220320030 2300233303230023220320030 2300233303230023220323030 3300233303230003220323030 3300233303230003230323030 3300333303230003230323030 3300233303230003230303030 0300233303230023030303030 0300233303230203030302030 0300033303030003030303030
1426362166,0303033302030003030303030 0003033303030303030303030 0303033303030303030303030 0203300333032223032330002 0303300333030223032330002 0203300333030223032300002 0303330333030223032330002 0303300333030223033330002 0303300333030223030330002 0303300333030223030320002
1872895259,0303300333030223030330003 0303300333030223030330033 0202300333030323030333030 0000330303030333030033033 0300330303030303030303033 3302030303030303030303033 0303333322030320203003022 0303333302030320003003022 0303333302030330003003022 0303333302030333003003022
1427651077,2303333303030333003003022 2303333303030333033003032 2303333303030333033303022 2303330303030333033000030 2203330303030303033000030 2303330303030303033000030 2303030303030303033300030 2303030303030323030300030 2333330303030303030303030 2303330303030303030303030
1271382884,0303030303030303030300030 0303020303030303030303030 3002233202000300220002232 3302230202000300220002232 3002230202000300020002232 0000230202000300330003232 0000230202000300330303032 0200230203000303330303032 0200330203000303330303032 0203330203000303330303032
1552987298,0203330203000303030303032 0203030303030303030303032 0203330303030303030303032 0303330303030303030303032 0303330303030303030303030 0233300200020003200020300 0333300300020003200223300 0333300300020003200023300 0333320300020303200223002 0323020300020303000023002
2034265568,0333020300020303000023002 0332020300020303000033022 0333000300020303000023002 0333020303020303000023022 0333020303030303000033020 0333020303030303000003020 0333030303030303000303030 0333020303030303000303030 0303030303030303000303030 3303030303030303000303030
924460744,2303030303030303030300030 2303030303030303030303033 2322000332303330333220000 3303320323022232032233230 3303320323030232032230230 3003320323030232032230230 3003330323030232032230200 0003320323030332032230230 0003320323030332032200230 0003300333030332032230230
1643742426,0003320323030332032200030 0003330333030333332200030 0303330303030333332200030 0303230303030333030200030 3300332023020322230000003 3300333023020302232000003 3300030003020322230003003 3300030003030320230003023 3300030303030320230303023 3300030303030322230300023
1303972643,3300030303030322030300023 3300030303030302030300023 3303030303030302030300023 3303030303030303030303023 0303330303030303030303023 0303030303030303030303023 0303030303030303030300023 0302333023302323032030303 0302333023302323032030323 0302333023002323032030322
1207142617,0302333023002323032030303 0302333023002323033230303 0302333023002303032030303 0302330023002303032023303 0302330323000303032033200 0302330303030303032003200 0302030303030303030003200 3303030303030303030303200 0303030303030303030300300 0303030303030303030300000
315536112,0003030303030303030303030 3020220332030000232223320 0020220332030000232223320 2020220332030000232223320 0020020332030000232223320 0020020302030000232223320 0030020302330000232233030 0020020302030000232233030 0020020302030030232303030 0020020303030020232303030
1752265120,0203320302030030230303030 2203320302030000030303030 2003020302030000030303330 3203320302030003030303030 3203030302030303030303030 3203030303030303030303030 2203030303030303030303030 2000030032033300320000320 2000030032033300020000320 2003030032033300020000320
888450975,0000030030033300020000320 0000030030033300020200320 0000030030033300020200300 0002030030033300020200300 2002030300033302030200300 2002030300330302030203300 2002030300330303030203300 2002030300330303030003300 2002030300330303030303300 0002030303030303030003300
1865824578,0002030303030303030303330 0002030300030303030303030 0030300303002230030230303 3033300303000230230230303 3033320303000230230230303 0030330303002230030230303 3033300303000230230230333 3033300303030330230230333 3033300303030330330233333 3003300303030330330003333
1247728083,3003300303030330030033333 3303300303030330030233333 3303000303030330030203330 3303000303030330030203333 2303030303030332030203330 3303030303030332030303330 3303030303030333030303330 0303030303030333030303330 0303030303030303030303330 2002203200003330030002233
1295489722,3002200200003323030002333 2002230200000323030033333 2002230200030323030003333 2002230203030323030033333 2003230303030323030033333 2003230303030323030033033 2303230303030323030033033 2303230303030323030233033 2303230303030323030203033 2303200303030323030303033
1864971283,0303230303030323030303030 3303030303030303030303032 3033033332222333033322203 3333033332322333033323203 3333033332322333033223203 3333033332222333033323203 3333033332323333033323203 3333233332332333033323203 3330233332232333030323203 3200233332033333030323203
1503730631,3200030332033333030323200 3300030333033333030323300 3303030333033333030323303 0303030333033303030333303 0303030303030303030333300 2303030303030303030333000 3303030303030303030333030 2333203323230323233202323 0333202323230323233202323 0333003323230323233202323
953775949,0333003323230323233302323 0333033323230323233302323 0333033323230303233302323 0333032323230303333302320 0333030323230303333302320 0333030320030303333302220 0333030320030303333302320 0333020300030303333302020 0303020302030303333303020 0303020302030303333303000
835300928,0303020303030303030303020 0333030303030303030303030 3303030322002300222330320 3303330322002300222330320 3303330323002300222300320 0303330303002300032300320 0203330303002300030303330 0203330303032300030303330 0303330303032300030303330 0303030303032300030303330
2047879613,0303030303030300030303030 3303030303030300030303030 0003330303030303030303030 0303330303030303030323030 0300002330030032200202203 3300330322020320000032033 3300330322030300000032033 3300330322030300000332033 3302330322030300000332033 3302030322030300000332033
1228991900,0302330322030300000332033 0203030320030300030333033 3303030320030300030033033 3303030320030300030333033 3303030323030303030303030 0303030300030303030303033 2300320033020303022322332 2300320033020303033322332 2302320023030303033022332 2302320023030303033032332
432887589,2302320023030303030032332 2302320023030303030002332 2302320023030303030003332 2300320023030303030003332 2302320023030303030003330 0300320023030303030003332 0300320023030333030003032 0303320033030303030003032 0303320003030303030003032 0303230303030303030303032
2026420224,2323323023330230330302222 2323323023330220330302222 2323303023330200330302222 2303300303330200330302220 2303300303330000330302220 2303300303330300330302220 2303300303330300330300220 3303300303330300330300220 2303000303330302330300220 2303000303330333030302230
657041663,2303000303030333030302030 2303030303030333030302020 3303230303030303030302030 3303230303030303030303032 3303330303030303030303030 0320000003332323220002032 0332000003332323220002032 0302000003332323220000032 0302000003332323220002032 0300000003332323230000032
2133095071,0300000003330323330300332 0300000003330323330200032 0300000003330323330300032 0300200303330323030300332 0300000303330323030303332 0302000303030303030303332 0300000303230303030303332 0303300303030303030303332 0303330303030303030303332 2220323333030333330333230
1730056835,2220323303030333330333230 2320323303030333330333230 2320333303030333330333230 2320303303030333330333230 2330303303030333330333230 0333303303030333330333030 0333303303030333030333030 0333000303030333030323030 0333030303330303030333030 0303020303330303030303030
1059902027,0333030303030303030300030 0303030303030303030333030 2203000232023003033300333 2203000233023003033300033 2203000233023023033300033 2203000332023003033300233 2203000233023023033303033 2203000203023003033303033 0003030203003023030303033 0003030203033023030303033
1061486161,0003030203230323030303033 0203030203230303030303033 0203030303230303030303033 2203030303230303030303030 0203030303330303030303033 0303030303330303030303033 0032230030323303032003232 0322200302320302002303230 0320200302020302002303230 0322200302300302002300233
29796709,0322200302300302002303230 0320200302020302002303233 0302200303300302002300233 0302200300300302000300233 3303230303300302002300030 0303230303330302002303030 0303330303330303032000030 0303230303330300033303030 0303030303330300033303030 0303030303230300033303030
415988768,2303000223303223330300232 2303000223332223330300232 2302000023303203330300232 2303000023303203330300232 0303000003303203030300232 0303000303303300030300232 0303000303303300030300033 0303000303303303030302033 0303000303303303030302030 0303300303330303030302030
260236998,0303300303030303030302030 3303300303030303030303030 2232220302233300020233030 2203230302233300020303030 2203030302233300020303030 2203030302233300030303030 2203030302233300030003030 2203000302230300030303030 2203030302230300030303030 2203030303030300030333030
63017563,2303030300030300030303030 2303030303030300030300030 2303030303030300030303030 3203030323300320000033032 3203030333300300000033033 3202330333330300000033033 3202330333330300000203030 3202330333330303000203030 2202330303330303000203030 2202330303330303000003030
1562215999,2202030303330303000003030 2202030303030303000303030 3002030303030303000303030 2303330303030303000303030 2000300300020200332332003 3030300300020200332332023 3000300300020200032332003 3000300300020200032332002 3000300300020200030332003 3300000300020200030333003
1871150778,3300000300020300030333003 0300000300020300030333000 3303300303030300030333003 3303330303030300030333003 3303330303030300030333023 0303330303030300030333033 0303030303030300030333030 0303030303030300030323030 0303030303030333030303033 0303323002330200030332022
670578171,0303333002330200030032022 0203333003330200030032022 0303320003330000030302020 3333320003330300030302000 3303320003330300030300000 0303320303330300030300003 0303320303230300030300003 0303320303330302030300032 0300320303330303030300033 0300320303030303030303033
1395105949,0300300303030303030303033 0303330303030303030303033 3220332200333233000303203 3223332200330233000303003 3223332200030233000303002 3223330200030233000303002 3223330200030233000303022 3303330200030233000303022 3303330200030233000300022 3303330200030233000333002
1581167985,3303330200030233000333000 3303330000030203000333002 2303230300030303000303022 0303230303030303000302032 0303230303030303000302030 0303030303030303000302030 0203030303030303030303030 0203302003033023333303220 0203300003033023333303020 0203300003033023333303032
107337314,0233300003033323330303032 0233020003033323030303032 0203020003033323030303032 0203020003030323030303032 0203020003030323030303332 0203020003030303030303032 0203020303030303030303033 0203030303030303030303033 2303030303030303030303030 2022023302332332000003023
1321918351,2022023302332332000003020 2022033302332332000003020 2023033302332333000003023 2003033303332302000003020 2003033303333302000023020 2003330303332302000003020 2303330303030302000003020 0303330303030302000003020 0303330303030300000203020 0303330303030303000203030
1705703212,0303330303030333000303030 3333330323033330020233303 3333330323030330020233303 3333330323030330020233203 3323330323030330000233300 3333230303030330020233203 3333030303030300020033203 3333030303030330020033203 3333030303030300020033233 3333030303030330030033233
584998705,3033030303030303030003233 0033030303030303030003033 0333030303030303030003030 0303030303030303030003030 0032230333200320230002030 0032230333230320230002030 0032200333230300230302030 0032030333230320230003030 0032030333230320230203030 0032030333330330230203030
1937920013,0032030333030330220303030 0032030333030330230303030 0032030333030330330300030 0000030333330302030303000 0000030333030302030303000 0000030333030302030303030 0000230303030300030303030 0000030303030300030303033 0233022003330003000022332 0233002000330003030022032
1338803540,0233002000330003030022033 0233022000330003030022032 0233022000330003030022033 0203022000230003030022033 0203032300030033030000030 0303032300030033030000030 0303032300030033030003030 0303033303030023030303030 0303030303030322030333030 0303030303030323030303030
1248775529,0223030323202330030330020 3300223202330302030330032 3300220202030302030330032 2300220202030302030330032 3303030202030303030300032 3303030202030303030302033 0303030203030303030303030 0302030303030303030303033 0302030303030303030303030 3332020232203323030303303
1616089808,3332030232200323030303303 3322030232200323030302303 3322033232200323030303003 3322030232200323030303203 3302033232200323030303033 0302033232200323030303033 0300033203030333000303033 0300030203030333000303033 0300030003030303030300033 0303030003030303030300030
970337588,0303000003030303030303030 0033330330030320000002023 2033330333030320030002003 2033330333030320030002023 0033330333030320030002023 0033330333030320030002003 0003300333030320030000023 0003330333030320030000023 0003330333030320030200023 0003330333030320030200003
1335127759,0303330333030320030200032 0303030303030320030300030 0303330303030323030300030 0330300303332302300030300 0303300303330303300030300 0303300303030303300030300 0303000303030303300030300 2303000303030303300030300 0003000303030303330030300 0303000303030303330030300
2074154912,0303000303030303330000300 0303000303030303330002300 0303000303030303330002230 0303000303030303030000230 0303030303030303030303230 2303030303030303030003030 0003030303030303030303033 2000230303200222003300330 2300230303200322003300330 2300230303200322033300330
877704999,2300030303200322033300330 2300030303330322030300330 2300030303330300030300330 0300030303330300030300330 3300030303330300030300330 2300030303330303030300330 0303030303330300030300330 0300030303030300030300330 0303030303330303030303330 0203030303330303030303030
79990933,0303030303330303030302030 0303030303330303030303030 0032000323030220033002033 0032000303030220033002033 0032000303030220033002233 0002000303030320033002033 0022030303030320033002033 0022000303030303033002033 0022000303030303033000033 0023000303030303033000033
1941373650,0003030303330303030002033 0303030303330303030002033 2003333303032330330303230 2003330303232330330303230 2303330303032330330303230 0303330303032330330303230 0303330303032330330303330 0303330303030330330303330 0303030303030330330303333 0303330303030333330303330
114014291,0303330303030303030303330 0300230303030303030303030 0200200003200032003303232 0200200303200032003303232 0300200303000032003303002 0300220303000033000303002 0300220303030033030303002 0303020303030003030303002 0303020303030003030303003 0303020303030003030300033
1394227178,0303030303030003030300033 0303020300330303030303030 0303000302230303030303030 0303030302330303030303030 3203222300032332023303332 3203220302032332023303332 3203220300032332022303330 3203020302032332023303332 3203220300032332023303332 2003220300032332022303330
1814590279,3203020302030332023303033 3203020302030302023303033 3203020302030323023303033 3203020302030333023303033 3303020302030303023303033 0303020302030303023303033 0300020303030300033303030 0300020303030303033303033 0300320303030303033303030 2333032322033320230022323
601740856,2323300302302333332332032 2323300302302333332332030 2323300002300333030332030 2323300002000333030332030 2023300002000333030332030 0323300002000333030332030 0323300002000333030333030 0323000002000333030333030 0323330302000303030333030 0303330302030303030303030
289567947,0303230300030303030303030 0000223003030023233303303 0000223003030023033303323 3000222003030023033303323 3000223003030033033303323 3000023003030033030303323 0000203003030333030303023 0000003303030303030303023 0000030300030303030300023 0000030303030303030203023
1211159311,0000030303030303030300030 0300030303030303030300030 3023300032330303032302020 3023000032330303032302020 3023300333330000032302020 3023000002330303002302020 3023000000330303002302020 3323000002330303002302032 3223030003330303003302030 3233030303330303000302030
944259022,0333030303330303030303032 0003230300030303032222022 2003230300030303033322002 2300230300030303033322002 2300230303030303033322000 2303230303030303033322000 2303030303030303033322000 3300030303030303030323000 3303030303030303030323000 0303030303030303030323000
549307770,0303030303030303030323030 0303233202020032022020003 0303233202030032022022303 0303233202030032022022003 0303233202030033022002000 0303233303030003022002030 0303233300030003023303030 0303233303030203023303030 0303233303030003023303030 0303333303030003023303030
671728446,0303233303030003003303030 0303330303030303030303020 3003030303030303030303030 3223020300333332030330302 3223030300333332030330302 3223030300333330030330032 3223030300333330030330002 3223030300333330030333000 3203030300330330030333000 3003030300330330030333000
174491245,3003030300030330030333000 0003030303230300030330000 0203030303330303030302000 0303030303330303030300030 3230222302232233032023033 0230222302232233032023033 3230222302232233032033033 3302200202022220300303230 3200222302232233032033033 0200000302030333033322033
1576400565,0223000302030333033320032 0200000302030333033320032 0000000302030333033300032 0000000302030333030300032 3000030302030333033300030 0000030302030333030303030 0003030300030333030303030 0003030303030333030303030 0303030303030333030303030 2000023322300333002203020
1788440029,2000023322330333002303020 2000020302330330002303020 2000020303330330002303020 2000020302330300002303000 2000020302030300002303000 2000020303330330032303020 2000030303330330032303000 2000020303330330030333020 2000030303030330032303020 2300030303030320030303030
671082433,2300030303030323030303030 2303030303030323030303030 2303030303030333030303030 2003333320330203333020033 2003333320330203033320033 2003333320330303033320030 2003033320330303033320030 2003033320330303030323030 3003033300330303030323030 2003033300330303030323030
1592290940,0303030303330303030323030 2303030303330303030303030 2322200002330333330032233 2322030002330333330032233 2332033002330330330032033 2332030002330303330032233 0332030002330303330030233 2332030002330333330032033 2332030002330303330032033 2332030002330303330032030
517506937,3332030002330303330032030 2302030002330303030002033 2302030003330303030000033 2300030003230303030000033 2300030003230303030000030 0303030003230303030002033 0303030303230303030003033 0303330303330303030303030 0303030303030303330303020 2000030300030203223300020
2139939471,0000030300030203223300020 0000030300030203220300020 0000030300030303230300020 0000030300030303230303020 0333030300030303330303020 0333030300030303230303020 0303030300030303330303020 0303030300030303330303000 0202330000322020000020332 0002030323232223220223032
1928293511,0002030322232323220323032 0302030322230323020323332 0302030322230323020333032 0302030322230323020333033 0302030322030303030333033 0302000322030303030333033 0302000302030303030333003 0303000302030303030333003 0303030303030303030333000 0303030303030303030333003
696246472,0303030303030303030303003 2230332320033322230033002 2230332320033322030033002 2230332320033323030033002 2230330320033323030033002 2330320320033323030033002 0230330320033323030033002 0233330320033323030033002 0230330320033323030333002 0230330320033333030333002
1054853529,0230030320033333030333002 0230030323033333030323002 3233030303033333030323002 3203030303030330030323002 3303030303030300030330032 0303030300030303030300032 0303230303030303030300032 3023002303300003333202320 0332002322230233230332022 0333002322230233030330003
1835345726,0333002323230203030330003 0333002323230203030330000 0303020303030203030320030 0300020303030203030320030 0303000303030203030320030 0303000303030003030320030 0303000303030303030300030 0303000303030303030303030 3230000303003023232003022 2300023330220300333032030
2055806071,3230000303003023232003020 3230000303003023232003000 2300023330220300333322030 0300320330220300330323030 0300320330220300330323033 0300320330320300330323030 0300320333330300330323030 0300320303330300330303030 0300320303030300030303030 2200000022330333320302333
360889025,2202000002330333020303333 2202000002030333020303333 2202030002030333020303333 0203030002030333020303333 0303030003030333020303303 0333030303030333020303333 0333030303030333000303333 0333030303030303000303333 0323030303030303030303333 0333030303030303030303333
1561058878,0333030303030303030303033 0030220330223300030203202 0030220320222300030203202 0030220330323300030203202 0230220320333300030203202 0230220320333300030233202 0030220330333300030203202 0333020332333300030303200 0303020302333300030303200 0303030302330300030303200
1825059438,0303030302330303030303300 0003030302330303030303000 0303030302330303030303000 0303330300030303030303000 2000323220230002030003030 2000323223230002030303030 2000323323230002030303030 2000323323230000030303030 0000323323230000330303030 2300323303030000330303030
133188349,0000323303030000030303030 0203323303030000030303030 0203333303030000030303030 0203033303030000030303030 0203033303030303030303030 0203030303030303030300030 2002230203003333323232000 3333200203020233032022300 3333230203020233032022300 3333230003020233032002300
574473112,3333230003020233032302300 3333230003000233033002300 3333230303000233033000330 3333030303000333033003230 0333030303000333030003030 0333030303030323030303030 0333030303030303030303000 0033222330230300300323000 0033222330230300300323002 0033220330230300300323000
862305833,0033220330030300300303000 0033230330230300300303000 0333030323230300000303000 0333233303230300000303000 0333230303030300000303030 0333230303030300030303030 0303030303230303030303030 2203332003330332002300022 2203330203330332002330022 2203330003330332002300022
616949612,2203330203330332002300020 2203330203030332002300020 2003330303030333032300020 2003330303030332032300030 2003330303030303032300000 2003230303030303033300030 0003330303030303032300030 2333202302032030302003333 0233333330033233323300232 2233333330030233323300232
2013345615,2233333330030333323300232 2233333330030323320303232 3203330332030323030303032 3203330330030323030303032 3203330333030323030300032 3003320303030323030300032 3003320303030303030300033 0303330303030323030303032 0303330303030323030303033 2330032323220300203320330
1176072101,3320330003333300002202222 0000020333032332330332202 0002302303030200032302222 3303332323233303030323302 3003030300032003333300320 2233230323030203032303200 2323302320030333030003230 0030030330030330030302223 0023020303300333033203032 0303030322000300030000020
2028931925,0333300203000332203002302 0003302203033303223332300 2323023300000203332203030 0200030300030330322302002 3000320300000333030232333 3303230333333333030202303 2033020303233303032333000 2323030303230330233302030 2200330302030302030032033 3022222230300032222230002
803941748,3232032203222320033230322 3022020030330233203233002 2032233302330000333000230 2303320300200232003333320 0303032332000022030020000 2003030023030330230302032 0300000203033303030330220 0302230303330332320300030 0303233303030333032333200 2022000002000023022233023
1380269742,3000000302202032000002323 0002200033203300000333223 3020330322232332002303320 3003020033330002033223300 0000302202230333030330022 0323230332030333033302020 2320300033232303230303002 0332033333032000030200000 0303333303032302230033302 2333300322330323032300033
1964817380,2003030302233320030303320 0332233300030302030303002 2333000302330303030203332 0003330002003222233002300 0000023302030303033223220 0300000323230333032033303 0333020033032300230303030 2003030302030303022203222 0003230303030330033232222 3222233333030300030003030
1955832213,3333020300330333330003300 0203232033003020330023322 3302033023230002022223323 2322032300020323320332003 3203030303220022230323230 3300030323330302032220023 2303000233330333030202330 0333030323030300030333023 0032003002032302203323222 2333323203020020022200032
959518275,2303300023230200023020202 2203230220000003330200322 2202030302030333332023320 0233330302332303030333000 2223303030033020300230002 3200333202000322030300230 3333033302030002232333030 3302200330000302230333033 3220033303030303033333203 0202000302030330020200030
392168487,0303000333230330030330033 3033003233232232003320023 3203222330022322330220223 0002200202033230022033230 3303230233322233330303223 0220323203330303202330023 0332223203030302002333032 0223033300020303300300330 0302000300332303230303322 0333300003330303230233022
109106263,0303303330030303020302200 0302200303000320030333230 0003323300203230033223022 0320023200033302033223220 0300332300222333032323230 2333020323320223020003032 0300003203332300030000032 3202303333030303030232032 0223000003030330020303232 0330333003230323030200030
495780300,2203230203330303030303330 0320220000023022232230333 3003003202330333230002300 0303330300032332320030230 0303322003230303000230003 2000030230330333030003033 2303003303330303030222033 3020030020302002002333320 3323032300303232323303032 2202020300002220230302322
402496195,2203200030030320033002003 0030030233033332030233320 0032230332320303330303023 0030220300033333330033032 3302230333230303233000003 3322222303330323030000033 3303330333330300023303202 3323030320330303030002023 3303000303030033033000230 0330220020232020330200020
1080255605,2000220332233223332333000 3323003003233022020203022 2302233300332323000330320 0302220202003303032323020 2003300002020333032333033 3333232303000303000303303 0303330002030332330333030 0320303303030320030300030 2202033303303303003020033 0003030200333030030222323
75057488,3332300003020323000203033 3222330300330302230322020 2333002000330332030023033 3033222200030303030200033 3003000300030033033332000 0302030303230200033233002 2300333003030300030300223 3223330303330300030203303 2320300200202323223303003 3320333203333332022233202
2092952034,2220333033000333203302000 0330333002032332020302030 2303030200330300000020022 3003030232030302030333200 3333030302000302230333300 0303030030020303030202333 3323332303330203030202033 2022030303030300002333030 2302203003020332000303200 2003233303332300033203230
1188189461,0032000303232323033303002 2303030303030333000220220 2303030300030333000330002 3233022003023020023322203 3003203000203300202003033 0003030233323330003033320 2020030020030003332223032 0332230332003302003000020 3323332300032200030323333 2300030202320300000302232
1276774676,2332300233033333030303033 0003030302232303020000300 3003000003300303333333032 3302030200023303030303200 2303000023033303030333223 2303030032233303030333003 3000330003200303030002033 0323000300230333033003000 2000030303030300330323202 2020202230320022332232332
723950766,2300033230030302303030032 2303330330332200033332023 0200323303032322330330230 0300032330330233330000030 0200330323230332200302000 3330030203030320030020002 0303020302330303000232333 3002200300230323030330033 0330030003030303033322330 0332302302303033302022300
678740393,3232022303030230223203000 0200333303320302002000200 0232330020000203030300003 3302020233030303320233032 0303220333020303000303020 0302332302030320030030020 2000320333230233030303030 2330033303230303030203032 3033233320220032220323333 3322023033020303033230322
1752644804,0302300020032320320330020 0000323203003330230303302 0300000220332300233333000 2333332302200332020203220 0322002330032003000303333 0000023032000323030203330 2020030323330303030233232 3003230302030333320303023 3303030303002333000003033 3032300200002003003300202
1359522503,0000300320003020230322330 0030030022033333230203200 3322032333032302030203323 3003020323330302220333022 0300330303030023022300022 2203030303020323030030332 3020030203033303030203030 3000303330300032333232222 3220000302330303320302200 2220330303220323032330230
1634995437,3332030333320030030203000 2300030300030302000200032 2300000233300223220222303 2222000030330330030320330 0220302303030303302032032 0332030200200323233223000 0333320003200003030023233 2323300303230303322203000 0300230302330033020033230 0003330302003323230300030
187998839,0200330333230302030332033 2030002200032000300000322 0020002023332332332003330 3232022233200300333223000 0000330300220030023322323 2023332223233303030302223 0230230023233303330320200 2323303030330332030303232 2033200330030330332303030 0230030003032303030330322
229241135,0033030233030333000302032 0303330323030300030332323 3002022333323322000233000 2300200203332033330200300 0323230300030223320302300 0000223300030303332322000 3333330003230320030020000 0303330303030330003223030 0232300032333333223303002 0003230323023320233332002
1917221719,0003030320203333033020032 0020232003020303020300230 2323300223030300200003030 2300230303300033000323232 3320230303000223030333022 3222000333020330030303033 3003332333030303020323332 0302030303030303230320220 2333202003332020002022300 3203000033302003032333032
79155439,0000020003330220000032300 3000032030220303000200330 0023330030330200330320033 0032200323030320332302033 2330030303300330230000030 3303033333030303220300020 3000330333330300030302332 0303220033030303030002300 2230330202332322220002023 0302023332020303020200020
476269290,0302330303003000230300200 0333030003002303330033333 0203200300030322030300323 0323030333330303330333320 3000020330300323202303223 3303233203300233032220230 3330230333002000032203023 0300320303333333232023030 0303200322330333030020030 2300032303030030030333332
528428523,3203030333330323030300032 0323200003033323233303333 2033230202030323030332233 0330230303030323333323003 3300032003330333030203032 3303330320030303033300330 3333203003323023222333022 2023230300300000303000020 2203333302300003030322300 0200320323030332000303000
1235119239,0330030333330203330202030 0330030203330302032333200 2203030330030302030002030 0230200330203232022203203 2020223330322323233333333 3222002330222302002303200 0302302203323303020230022 3303003020333203230303002 3232020223233300030330230 3223030303333332333203323
1881467342,0323332303023300030232020 0320033333300323030023033 3303230233030300033300203 0303020303232333030230233 0300332303030330020303003 0300030302300302030303233 2320232002333303032303300 3320300200033333020223000 0033233203030320330330020 0323000000003303000333032
640449899,3003330002320333330300030 0203230333030000030302222 0233030303030303023002203 0023330302030320330323002 0203200003330303230303020 2300230303230300030033000 2003303032003303222030003 0303200030333032223302233 0302002223000322332230302 0323202000033323303330303
645861926,2020320333230332320230320 2233330203320302022030330 0303000332320033023323300 0003020323320332333200033 0330200332332302030033000 0030003330030303002300230 3303333323030320002233030 0000230300232333030003202 0003030303002300030320332 0300330333030330020323333
938610199,3303230333030302200303020 0020033233222000020000230 2003302000200000323330022 2320300330222332200300232 2002233003020323223330023 3033020003333200203023030 3333330323232303330000320 0202030300030003000000223 0222020300030303233002032 2302222003030300030322000
1273643303,3003030302030030033302032 0303330020230320030303000 3023320303030302033303030 0300033303330303030333022 0320033230202033020333203 0303302223222320230230330 2332330220000003303030030 2330302003330330300222300 3020320323220302000000023 0202330202330303302032000
518965606,0020030302300022030223202 0222323333230300030023333 2300323303300003030000303 0202200320230333030230032 0203332000030320030303032 0303300303330332000032030 2220202330233200332222330 3200203022300002000203020 0222220203232300020320303 2200302322230322020330332
462609015,0333030323320022030223302 3330220303020200230002033 3303300323330200030003003 3030020303230330032302000 2000330323300303030333000 0303030320030320030023330 2203023222232200020230303 2023220302300000222023202 0002030200302202000233322 2202000330320000332203323
1626484461,0303022220330300203200023 2302003002000322003300000 0330203300233003030330003 0323323303230332030020022 0030032302000323030300300 0202033302330302030000020 0302233300030033030300030 3203030300033303030023000 2033022300022323222203003 0023002202320023003203002
270754473,0323320333333033332302200 0002220303320320300203220 0332022302033320333233030 0322033333223300230302033 0033230333020332030230323 2323320300030332033020230 0333030333300303303333000 2323300032330303030303003 3302330303230300230000233 2202230003200303030303333
120111206,3203230002030333030333020 2030000032000200302232032 0333320233303200020302022 0033330302332332223003233 3003300300000323233202223 2323030200200333320300332 2220003003230323030302303 3203330303230030330333030 0000030320030323030002330 0303030303330333000002330
628557349,3033320320332002032000220 3030233303002320333033002 2022330003230323333322332 2002200033233303230003300 3333230303230023233302322 0003200320030323220003230 3033030000300303000232030 3233030303000233300333030 0000023303200332030003002 2023300332030302032303032
1366087266,3333332302030303033220033 0202002303030332230320030 3332330332030320030323020 2330000303330303033202232 0322030000230323030333000 3302033002330333030303032 2220030303230303030230033 0203330333030203030302023 0302232033233320320320033 3322332220030300330303332
1746567648,0232033322330003023300030 2020330322033200030303300 3200332203332333030333033 3330303303230003032330032 3300030300033003230330320 0302320203030333032322003 2300002203030300030332002 3320330023030323030203330 2323330302230302020300003 2002030303030020020233030
1499329302,3333020303030330030303333 3233023233302222333002003 0303232322303300032333320 0303230203320223030222322 3203020032330230230003030 3332000202330323000000233 2023330003033030030303320 2200020303232303030230022 0303300230030320030303302 2303332303030023000303200
2073447387,0333230302330203030223030 0302003222003220233202300 0303203330320020220030023 3323030202220322000220330 3323320303330322000233033 0303230332030303230320023 0203022303330303030323022 0002330333330032223032303 2300023303203233033003202 0200320033330302230333303
1906323679,3303033000030233020333203 0300000302023023000333032 0302002303030330002323203 2203220233300303030330000 2303330303300322030332300 0300020300230303000303033 0002300033202320323202222 3023033000003203002302002 3233033203232023032300233 2222020233033303230200323
121111807,0303302322232300000300303 0222033332030302000332222 3303030303033033222000003 3323000003332000030030030 3322330320030303333233230 2322220303330303023203320 0323032323330000330333022 0320330300230333332003230 3300200332330300330233030 2303030303033300033302333
1756313966,0003200303030330020333330 3000330303030332230303002 0030222032303002300323000 2230330202033320033302303 3203333330003200330303023 0200000000330323303002230 3033330000330333330302023 0332003303330300033023333 3003320333030203020303033 0303000333033303230323033
674148309,0330030302030323033333000 0203323233230303033232032 2303300330320303003302332 3330023303330323002332200 0202003303030200030200332 2203000030030323030323303 0203030033030302030233233 0203200303030303033233032 2330332202300320033232300 2030323320230323230223000
526775986,2003220323000320023003220 0030223320330302000300332 0230233333230000030302220 2303020303232030230303320 0003030300020300332023320 2323323303230303002333030 0303033300230300020300220 2023002303030302030300300 0303200302230333300323030 0002303303030330030233033
453096957,2323022323030022303022020 3020332033230333020320232 0320330202303330020300233 2000333322000323300333333 0200320200030002300302033 0323320330230303030233322 0200030300030233230303002 0300030303002333030203020 2300030333030303330202020 0202300020220002232032222
1157197752,2033230200000203232223300 2332320023230033032302232 3203330302233303032230320 0003032002030303020220023 0033322332033303030323033 3303032332030300030020220 2003030302330330033303303 0223320303030333030300033 3203203232330302000323323 3302003333003002030333220
774937003,0203200022230333000203020 2000320302032320032203030 3303030302230302023003223 0003002303030303003330222 0303032000030323030202332 3203033300000000030303020 0233300303230333030300202 3302300303330323000333032 2000300303030323030300303 2223323000022233323222230
394674913,2033000023300233223030223 0322002303003333322320023 0323030030332332230020333 0233333303033330003302033 3300030223200320230333030 0000330332330333023203030 0003003300030202030000330 0330330303030302002203200 2333030320230300030330002 2303330303230230030300230
2074577948,2203030203030323230300030 0232020303232303000022200 0000230322033033030000232 2222033300000302030302203 3303030003030200330333030 0303220303330203030202030 2220233032203322233232330 0332300223032033220023000 0032303333330320223302002 0303200330332000000203022
1284743561,3200000303020303200302230 0033200333030303003000032 3302000302230303033332220 0200233332030300030323000 3320033300030323030203003 3303020303020303032300320 0302232300330033030303030 2303230300030020030332030 0303232203030303030333232 2333300230330022303300020
592840197,3330000020000222033203023 0302202303000003022023223 3333003003303302000302203 0002032002332300033320220 0000200003333332300302023 0030300300000330000022000 3003233302033003020202000 0023203300020330330302230 2300230203030322320233003 2303223002330323030202233
1000852324,0333333302330302023300220 2203000002030033032203033 3203330303233320000203232 0223030333030333003300202 0300020300320303020322033 2303030333000303033200320 3000000300030003230300030 0303000303030333330032032 2230003200030333332202033 3320030200203300330330003
712210429,2203330303032003003002303 2303022303200033030202200 0303000230030320330232230 0300233330030303230203233 2003000303030323233233022 2333033323030303033032030 0333030302030330032203220 0003203033230200033003022 2203230332320320032323002 0222032302230300230322320
760113200,0023000300330223033222030 2302020303033302032323303 0302300302032203030300002 3303200300033323030233030 3233033303330300030323000 0003232333302200022332022 2000220030233302000332200 3203333323332303333023222 3323332223032302333330030 0002020022033303032032022
164609802,0033320300033330333300030 2203020003030303030223200 0303230303333300030203332 0303203303330333030333002 3232030030332222220202000 0333232203203302323032000 3223000233330223022020022 2323222003033233030000003 3203330333033303000222332 3033032302030303030323323
2084172498,3302003302030300030303030 2330200232223333232320020 2330000323303003300332323 0020320302333202030300223 3000002302333203030330232 0303320322330203330233020 0230030323320302030203332 0300000203030330020302003 2233330330030303030302003 3203020303030333033302300
1509360265,0203230030030203200222032 3303033003000320200222333 3030200203200303032003233 0203233002030033033203033 0300230300330333002203323 0303030003003303030222320 0302030002230333030000003 0300030300030303033200200 2000222203002222200022222 2330322200322322003333323
382217668,3033222223333232022302230 3330320300020232302332302 0303303032332322002000233 3300022303022302032302302 0330203223220300030033033 0223023003030223032203233 0333020333330030330230330 3303320220030300330332330 2003020233030332030303330 0333230302230303330303222
982480423,2230330303030303030300200 2320033220202322222003202 2233023200222323330320322 3300320023003330033033302 3303320302332300200330333 2300300033033333230022030 2003020303000030030323030 2303300303030303232303020 0302020300330220033333202 3000033302000303023203000
1341545220,0032230033030303230233023 0003202332030333032203033 0303030002030323023032020 0202200330033300030303022 0002333002330303030303230 2003030323333303030323020 0003033303030333032003323 0002030303030303020322300 3022233232330302202030320 0333200302203000220002222
176375223,2323320023000233300000230 3033332303032000000300330 2002330333330320032333022 3203023203030323030003030 3203022332223330023023333 2322003023232032230303302 2032203220333303030232333 3330322023320032030323000 0003020000332302020302232 2333200302020230330300033
838415038,2333233303003323230300032 0203020302300320230300033 0303003333020333330302020 3202330303030320030203322 0303033003030300330023033 3302000302030332030303033 0220220023023000222323200 0230320220020333203202232 0222000322223333230202023 0223000302032330003030222
277153684,3023020202330002333302032 0003232003230302002322200 0003320302230333000333020 0333330003330300030030330 0303320303330322030333002 0333030300330303032302033 0022322233022030220023322 2233022232232302303300033 0300303033203323002023320 3323032303203320200023202
10942357,0200020030220330000022230 0232233302030230003330222 0000230303220032223003330 2202300202232323003303032 0300300003030300032303032 0323223322220002322233030 2322320030332002023300333 3220000002233320203333230 2222000303230300303203232 0002033303030022003323222
1712474546,2233330332230302030202002 0300023203230303003302023 3022300300030302032323330 2033033302030002030333200 3023000303230323030003303 0303330323030003330330020 0003030302030303020330032 0002322320030033222203020 0323300323020320000202022 0303032303220300000023222
1962905477,2003030303030332303303032 3000230303030303332330000 0303230332030300032302030 0323200302330303030033030 3323322303200200230233230 0302000332220003332023000 2033220333030320020233220 2302300322033023030302300 3000002303320333033333333 3002000302230223020302033
1983867272,2302330333200320230302030 0303030333230233030022032 2333330320030303330203003 3203233303030320030303203 3303233303000302030300030 0203033302030320232220333 3302020003030302300302030 0000000300030300330320230 3323330300030332030300232 2203230303030303030023320
1004795135,0222233303030203033000230 0002323002230303033003032 0330003300330320030002330 3203223323030303030033003 2003030303333303030300002 0000000000000000000000000 2222222222222222222222222 0333300300030300030033330
