seed,N,S
54789094,25000,100000000000
1213140352,25000,100000000000
250523232,25000,100000000000
1779617524,25000,100000000000
1629800623,25000,100000000000
1773261815,25000,100000000000
1191694495,25000,100000000000
1920258722,25000,100000000000
477769808,25000,100000000000
938021679,25000,100000000000
884566894,25000,100000000000
376473358,25000,100000000000
1103866429,25000,100000000000
1063180259,25000,100000000000
1845834058,25000,100000000000
1049905017,25000,100000000000
1297073440,25000,100000000000
1097948022,25000,100000000000
182135654,25000,100000000000
491649023,25000,100000000000
1344949191,25000,100000000000
1266197434,25000,100000000000
1148609531,25000,100000000000
278601224,25000,100000000000
1403483640,25000,100000000000
