seed,clifford_deformation,shots,method,candidates,QECC,n,k,d,noise-model,p,eta,source_file
1385933655,0303220033030303030002300,100000000000,RS,25000,SurfaceCode,25,1,5,HBD_noise,0.0025,500.0,results/rs/SC5_HBD_MWPM_2_5x/results/sweep_12.csv
1119622567,2300230303230300030033000,100000000000,RS,25000,SurfaceCode,25,1,5,HBD_noise,0.0025,500.0,results/rs/SC5_HBD_MWPM_2_5x/results/sweep_15.csv
41114893,3303330320030303033300330,100000000000,RS,25000,SurfaceCode,25,1,5,HBD_noise,0.0025,500.0,results/rs/SC5_HBD_MWPM_2_5x/results/sweep_9.csv
2095118529,0203022303330303030323022,100000000000,RS,25000,SurfaceCode,25,1,5,HBD_noise,0.0025,500.0,results/rs/SC5_HBD_MWPM_2_5x/results/sweep_7.csv
1734355924,0203200303030303033233032,100000000000,RS,25000,SurfaceCode,25,1,5,HBD_noise,0.0025,500.0,results/rs/SC5_HBD_MWPM_2_5x/results/sweep_20.csv
146994058,0300020300230303000303033,100000000000,RS,25000,SurfaceCode,25,1,5,HBD_noise,0.0025,500.0,results/rs/SC5_HBD_MWPM_2_5x/results/sweep_1.csv
384345411,0002303303030330030233033,100000000000,RS,25000,SurfaceCode,25,1,5,HBD_noise,0.0025,500.0,results/rs/SC5_HBD_MWPM_2_5x/results/sweep_6.csv
118740497,3333020303030330030303333,100000000000,RS,25000,SurfaceCode,25,1,5,HBD_noise,0.0025,500.0,results/rs/SC5_HBD_MWPM_2_5x/results/sweep_21.csv
885676888,3203030300033303030023000,100000000000,RS,25000,SurfaceCode,25,1,5,HBD_noise,0.0025,500.0,results/rs/SC5_HBD_MWPM_2_5x/results/sweep_8.csv
1145568553,0302030303030303230320220,100000000000,RS,25000,SurfaceCode,25,1,5,HBD_noise,0.0025,500.0,results/rs/SC5_HBD_MWPM_2_5x/results/sweep_14.csv
850424219,0303300303330332000032030,100000000000,RS,25000,SurfaceCode,25,1,5,HBD_noise,0.0025,500.0,results/rs/SC5_HBD_MWPM_2_5x/results/sweep_13.csv
68123475,0300030302300302030303233,100000000000,RS,25000,SurfaceCode,25,1,5,HBD_noise,0.0025,500.0,results/rs/SC5_HBD_MWPM_2_5x/results/sweep_5.csv
1379875157,3303230333030302200303020,100000000000,RS,25000,SurfaceCode,25,1,5,HBD_noise,0.0025,500.0,results/rs/SC5_HBD_MWPM_2_5x/results/sweep_22.csv
279085534,3203230002030333030333020,100000000000,RS,25000,SurfaceCode,25,1,5,HBD_noise,0.0025,500.0,results/rs/SC5_HBD_MWPM_2_5x/results/sweep_2.csv
2012622284,0323030333330303330333320,100000000000,RS,25000,SurfaceCode,25,1,5,HBD_noise,0.0025,500.0,results/rs/SC5_HBD_MWPM_2_5x/results/sweep_25.csv
1126355516,0303030320030320030023330,100000000000,RS,25000,SurfaceCode,25,1,5,HBD_noise,0.0025,500.0,results/rs/SC5_HBD_MWPM_2_5x/results/sweep_19.csv
1096179783,0203330333030203030302023,100000000000,RS,25000,SurfaceCode,25,1,5,HBD_noise,0.0025,500.0,results/rs/SC5_HBD_MWPM_2_5x/results/sweep_10.csv
2100909746,0330030302030323033333000,100000000000,RS,25000,SurfaceCode,25,1,5,HBD_noise,0.0025,500.0,results/rs/SC5_HBD_MWPM_2_5x/results/sweep_17.csv
776619419,0333230302330203030223030,100000000000,RS,25000,SurfaceCode,25,1,5,HBD_noise,0.0025,500.0,results/rs/SC5_HBD_MWPM_2_5x/results/sweep_16.csv
363019719,3000330303030332230303002,100000000000,RS,25000,SurfaceCode,25,1,5,HBD_noise,0.0025,500.0,results/rs/SC5_HBD_MWPM_2_5x/results/sweep_11.csv
817165721,3203030333330323030300032,100000000000,RS,25000,SurfaceCode,25,1,5,HBD_noise,0.0025,500.0,results/rs/SC5_HBD_MWPM_2_5x/results/sweep_18.csv
1697845066,2203030330030302030002030,100000000000,RS,25000,SurfaceCode,25,1,5,HBD_noise,0.0025,500.0,results/rs/SC5_HBD_MWPM_2_5x/results/sweep_3.csv
687216879,0300033303330303030333022,100000000000,RS,25000,SurfaceCode,25,1,5,HBD_noise,0.0025,500.0,results/rs/SC5_HBD_MWPM_2_5x/results/sweep_24.csv
1410725582,0303030303330333000002330,100000000000,RS,25000,SurfaceCode,25,1,5,HBD_noise,0.0025,500.0,results/rs/SC5_HBD_MWPM_2_5x/results/sweep_4.csv
1981089533,0303330303030330003223030,100000000000,RS,25000,SurfaceCode,25,1,5,HBD_noise,0.0025,500.0,results/rs/SC5_HBD_MWPM_2_5x/results/sweep_23.csv
