seed,clifford_deformation,shots,method,num_candidates,mutation_rate,prune_threshold,QECC,n,k,d,noise-model,p,eta,source_file
752756640,033000330,10000000000,EBBI,10,0.0477777777777777,0.05,SurfaceCode,9,1,3,MHBD_noise,0.001,500.0,results/ebbi/SC3_MHBD_MWPM_1x/results/sweep_7.csv
1252143269,033000330,10000000000,EBBI,10,0.0477777777777777,0.05,SurfaceCode,9,1,3,MHBD_noise,0.001,500.0,results/ebbi/SC3_MHBD_MWPM_1x/results/sweep_25.csv
1463368055,033000330,10000000000,EBBI,10,0.0477777777777777,0.05,SurfaceCode,9,1,3,MHBD_noise,0.001,500.0,results/ebbi/SC3_MHBD_MWPM_1x/results/sweep_22.csv
1571933877,033000330,10000000000,EBBI,10,0.0477777777777777,0.05,SurfaceCode,9,1,3,MHBD_noise,0.001,500.0,results/ebbi/SC3_MHBD_MWPM_1x/results/sweep_9.csv
749002032,033000330,10000000000,EBBI,10,0.0477777777777777,0.05,SurfaceCode,9,1,3,MHBD_noise,0.001,500.0,results/ebbi/SC3_MHBD_MWPM_1x/results/sweep_17.csv
595883447,033000330,10000000000,EBBI,10,0.0477777777777777,0.05,SurfaceCode,9,1,3,MHBD_noise,0.001,500.0,results/ebbi/SC3_MHBD_MWPM_1x/results/sweep_10.csv
239766294,033000330,10000000000,EBBI,10,0.0477777777777777,0.05,SurfaceCode,9,1,3,MHBD_noise,0.001,500.0,results/ebbi/SC3_MHBD_MWPM_1x/results/sweep_19.csv
336900880,033000330,10000000000,EBBI,10,0.0477777777777777,0.05,SurfaceCode,9,1,3,MHBD_noise,0.001,500.0,results/ebbi/SC3_MHBD_MWPM_1x/results/sweep_18.csv
359445612,033000330,10000000000,EBBI,10,0.0477777777777777,0.05,SurfaceCode,9,1,3,MHBD_noise,0.001,500.0,results/ebbi/SC3_MHBD_MWPM_1x/results/sweep_11.csv
1545589983,033000330,10000000000,EBBI,10,0.0477777777777777,0.05,SurfaceCode,9,1,3,MHBD_noise,0.001,500.0,results/ebbi/SC3_MHBD_MWPM_1x/results/sweep_16.csv
1296845305,033000330,10000000000,EBBI,10,0.0477777777777777,0.05,SurfaceCode,9,1,3,MHBD_noise,0.001,500.0,results/ebbi/SC3_MHBD_MWPM_1x/results/sweep_23.csv
655222945,033000330,10000000000,EBBI,10,0.0477777777777777,0.05,SurfaceCode,9,1,3,MHBD_noise,0.001,500.0,results/ebbi/SC3_MHBD_MWPM_1x/results/sweep_8.csv
1064674341,033000330,10000000000,EBBI,10,0.0477777777777777,0.05,SurfaceCode,9,1,3,MHBD_noise,0.001,500.0,results/ebbi/SC3_MHBD_MWPM_1x/results/sweep_24.csv
2044610699,033000330,10000000000,EBBI,10,0.0477777777777777,0.05,SurfaceCode,9,1,3,MHBD_noise,0.001,500.0,results/ebbi/SC3_MHBD_MWPM_1x/results/sweep_1.csv
893494882,033000330,10000000000,EBBI,10,0.0477777777777777,0.05,SurfaceCode,9,1,3,MHBD_noise,0.001,500.0,results/ebbi/SC3_MHBD_MWPM_1x/results/sweep_6.csv
1300908550,033000330,10000000000,EBBI,10,0.0477777777777777,0.05,SurfaceCode,9,1,3,MHBD_noise,0.001,500.0,results/ebbi/SC3_MHBD_MWPM_1x/results/sweep_15.csv
1369257836,033000330,10000000000,EBBI,10,0.0477777777777777,0.05,SurfaceCode,9,1,3,MHBD_noise,0.001,500.0,results/ebbi/SC3_MHBD_MWPM_1x/results/sweep_12.csv
437576262,033000330,10000000000,EBBI,10,0.0477777777777777,0.05,SurfaceCode,9,1,3,MHBD_noise,0.001,500.0,results/ebbi/SC3_MHBD_MWPM_1x/results/sweep_20.csv
1882553893,033000330,10000000000,EBBI,10,0.0477777777777777,0.05,SurfaceCode,9,1,3,MHBD_noise,0.001,500.0,results/ebbi/SC3_MHBD_MWPM_1x/results/sweep_5.csv
883546248,033000330,10000000000,EBBI,10,0.0477777777777777,0.05,SurfaceCode,9,1,3,MHBD_noise,0.001,500.0,results/ebbi/SC3_MHBD_MWPM_1x/results/sweep_2.csv
393439906,033000330,10000000000,EBBI,10,0.0477777777777777,0.05,SurfaceCode,9,1,3,MHBD_noise,0.001,500.0,results/ebbi/SC3_MHBD_MWPM_1x/results/sweep_3.csv
721016380,033000330,10000000000,EBBI,10,0.0477777777777777,0.05,SurfaceCode,9,1,3,MHBD_noise,0.001,500.0,results/ebbi/SC3_MHBD_MWPM_1x/results/sweep_4.csv
2145105897,033000330,10000000000,EBBI,10,0.0477777777777777,0.05,SurfaceCode,9,1,3,MHBD_noise,0.001,500.0,results/ebbi/SC3_MHBD_MWPM_1x/results/sweep_21.csv
1039677294,033000330,10000000000,EBBI,10,0.0477777777777777,0.05,SurfaceCode,9,1,3,MHBD_noise,0.001,500.0,results/ebbi/SC3_MHBD_MWPM_1x/results/sweep_13.csv
1634600057,033000330,10000000000,EBBI,10,0.0477777777777777,0.05,SurfaceCode,9,1,3,MHBD_noise,0.001,500.0,results/ebbi/SC3_MHBD_MWPM_1x/results/sweep_14.csv
